<?xml version="1.0" encoding="ISO-8859-1"?>
<FSData version="9.0" xmlns:xsi='http://www.w3.org/2001/XMLSchema-instance' xsi:noNamespaceSchemaLocation="bglcomp.xsd">
      <SceneryObject lat="32.663007752" lon="-16.803665925" alt="55" pitch="0" bank="0" heading="0" altitudeIsAgl="FALSE" imageComplexity="NORMAL">
            <Effect effectName="dazz_flashMadeira" effectParams="DAY=1"/>
      </SceneryObject>
	  <SceneryObject lat="32.663007752" lon="-16.803665925" alt="55" pitch="0" bank="0" heading="0" altitudeIsAgl="FALSE" imageComplexity="NORMAL">
            <Effect effectName="dazz_lightMadeira" effectParams="DAY=1"/>
      </SceneryObject>
	  	  
	  <!-- <SceneryObject lat="32.664098022" lon="-16.803598942" alt="55" pitch="0" bank="0" heading="0" altitudeIsAgl="FALSE" imageComplexity="NORMAL">
            <Effect effectName="dazz_lightMadeira" />
      </SceneryObject>
	  
	  <SceneryObject lat="32.665036976" lon="-16.803542658" alt="55" pitch="0" bank="0" heading="0" altitudeIsAgl="FALSE" imageComplexity="NORMAL">
            <Effect effectName="dazz_lightMadeira" />
      </SceneryObject>

	  <SceneryObject lat="32.666080556" lon="-16.803475" alt="55" pitch="0" bank="0" heading="0" altitudeIsAgl="FALSE" imageComplexity="NORMAL">
            <Effect effectName="dazz_lightMadeira" />
      </SceneryObject>
	  
	  <SceneryObject lat="32.667057589" lon="-16.803415339" alt="55" pitch="0" bank="0" heading="0" altitudeIsAgl="FALSE" imageComplexity="NORMAL">
            <Effect effectName="dazz_lightMadeira" />
      </SceneryObject>

	  <SceneryObject lat="32.668021577" lon="-16.803356286" alt="55" pitch="0" bank="0" heading="0" altitudeIsAgl="FALSE" imageComplexity="NORMAL">
            <Effect effectName="dazz_lightMadeira" />
      </SceneryObject>

	  <SceneryObject lat="32.668866408" lon="-16.803304487" alt="55" pitch="0" bank="0" heading="0" altitudeIsAgl="FALSE" imageComplexity="NORMAL">
            <Effect effectName="dazz_lightMadeira" />
      </SceneryObject>

	  <SceneryObject lat="32.669785664" lon="-16.803247667" alt="55" pitch="0" bank="0" heading="0" altitudeIsAgl="FALSE" imageComplexity="NORMAL">
            <Effect effectName="dazz_lightMadeira" />
      </SceneryObject>

	  <SceneryObject lat="32.670800857" lon="-16.803173345" alt="55" pitch="0" bank="0" heading="0" altitudeIsAgl="FALSE" imageComplexity="NORMAL">
            <Effect effectName="dazz_lightMadeira" />
      </SceneryObject>
	  
	  <SceneryObject lat="32.671738678" lon="-16.803010283" alt="55" pitch="0" bank="0" heading="0" altitudeIsAgl="FALSE" imageComplexity="NORMAL">
            <Effect effectName="dazz_lightMadeira" />
      </SceneryObject>
	  
	  <SceneryObject lat="32.672710185" lon="-16.802795444" alt="55" pitch="0" bank="0" heading="0" altitudeIsAgl="FALSE" imageComplexity="NORMAL">
            <Effect effectName="dazz_lightMadeira" />
      </SceneryObject>
	  
	  <SceneryObject lat="32.673585421" lon="-16.802399109" alt="55" pitch="0" bank="0" heading="0" altitudeIsAgl="FALSE" imageComplexity="NORMAL">
            <Effect effectName="dazz_lightMadeira" />
      </SceneryObject>
	   
	  <SceneryObject lat="32.674481367" lon="-16.801981545" alt="55" pitch="0" bank="0" heading="0" altitudeIsAgl="FALSE" imageComplexity="NORMAL">
            <Effect effectName="dazz_lightMadeira" />
      </SceneryObject>
	  
	  <SceneryObject lat="32.675359519" lon="-16.801265199" alt="55" pitch="0" bank="0" heading="0" altitudeIsAgl="FALSE" imageComplexity="NORMAL">
            <Effect effectName="dazz_lightMadeira" />
      </SceneryObject>
	  
	  <SceneryObject lat="32.676025279" lon="-16.800481245" alt="55" pitch="0" bank="0" heading="0" altitudeIsAgl="FALSE" imageComplexity="NORMAL">
            <Effect effectName="dazz_lightMadeira" />
      </SceneryObject>
	  
	  <SceneryObject lat="32.676569693" lon="-16.799837533" alt="55" pitch="0" bank="0" heading="0" altitudeIsAgl="FALSE" imageComplexity="NORMAL">
            <Effect effectName="dazz_lightMadeira" />
      </SceneryObject>
	  
	  <SceneryObject lat="32.677095029" lon="-16.79919572" alt="55" pitch="0" bank="0" heading="0" altitudeIsAgl="FALSE" imageComplexity="NORMAL">
            <Effect effectName="dazz_lightMadeira" />
      </SceneryObject> -->
	  
</FSData>
